comment_thread_id,video_id,author_display_name,text_original,cleaned_text,text_length,like_count,total_reply_count,manual_label,manual_label_normalized,lexicon_predicted_label
UgwtJBmTQ6eZbdTxu3N4AaABAg,AL0AGaoJCWY,@rocco7919,KNICKS BABY!!!!!!!,knicks baby!!!!!!!,18,0,0,Positif,positive,neutral
UgxpMopuzPOm_7vZHfB4AaABAg,AL0AGaoJCWY,@KristaQuinlan,What a comeback,what a comeback,15,1,0,Positif,positive,neutral
Ugxv_4Pml44w7W8ZzYl4AaABAg,AL0AGaoJCWY,@eyeglassesstringmusic,Man I played halftime shows for the Knicks last season it was a dream come true… wish I was there again 🏀🎻 Brunson and Townes INSANE,man i played halftime shows for the knicks last season it was a dream come true… wish i was there again 🏀🎻 brunson and townes insane,132,1,0,Positif,positive,positive
Ugx-CCF2SiHM6jytOxV4AaABAg,AL0AGaoJCWY,@ferbinramos,its my idol #Jalenbrunson un belivebable!!!,its my idol #jalenbrunson un belivebable!!!,43,0,0,Positif,positive,neutral
UgwaqKONll1YVtvDnzp4AaABAg,AL0AGaoJCWY,@NasnaEnt,Vegas knew lotta people were gonna bet on spurs winning game 1 at home 😂,vegas knew lotta people were gonna bet on spurs winning game 1 at home 😂,72,0,0,Negatif,negative,positive
UgxM5qEkR-UocCbmaY54AaABAg,AL0AGaoJCWY,@CgRoc,Even tho knicks not my team i’m from the east coast so i’m going for em but i would like to see Wemby get a ring i don’t really care who wins but i hope we get a game 7,even tho knicks not my team i’m from the east coast so i’m going for em but i would like to see wemby get a ring i don’t really care who wins but i hope we get a game 7,168,0,0,Positif,positive,neutral
UgwpcuE7TRCY4lYFxUh4AaABAg,AL0AGaoJCWY,@erniegumban2798,15 Rebs!? Josh hart damn what a player! ❤,15 rebs!? josh hart damn what a player! ❤,41,1,0,Positif,positive,neutral
Ugw-4iX8Fa-N3WpS3bd4AaABAg,AL0AGaoJCWY,@Ryan-wx1bi,Wemby was looking more like Bambi on offense out there,wemby was looking more like bambi on offense out there,54,2,0,Negatif,negative,neutral
Ugyr8LV2vvljJ2BK22B4AaABAg,AL0AGaoJCWY,@latindoggy8059,EVERYTHING WAS SHAPING UP TO A KNICKS LOST STATISTICALLY SPEAKING THIS IS A SPURS WIN BUT THE CLUTCH KNICKS TAKE IT AGAIN!,everything was shaping up to a knicks lost statistically speaking this is a spurs win but the clutch knicks take it again!,122,0,0,Positif,positive,positive
UgxsORARt_6F_GZVZct4AaABAg,AL0AGaoJCWY,@ryansimmons3818,"Jalen Brunson really is that dude, man.","jalen brunson really is that dude, man.",39,0,0,Positif,positive,neutral
Ugwaa1I0aPpVgqTt1Ox4AaABAg,AL0AGaoJCWY,@LitoviusSupreme,Villanova 1 - Spurs 0,villanova 1 - spurs 0,21,0,0,Positif,positive,neutral
UgyWZRoGV8AhsZ_BPYN4AaABAg,AL0AGaoJCWY,@jeremytriguero2196,The opening sound for the knicks sucks,the opening sound for the knicks sucks,38,0,0,Negatif,negative,neutral
UgwnNLoEvRmVqB0KKyN4AaABAg,AL0AGaoJCWY,@Real.Kai.1,Yeah the circus clown music introducing the Knicks players was great. Lol,yeah the circus clown music introducing the knicks players was great. lol,73,1,0,Negatif,negative,positive
UgzLYgXB9DsOnX38qU54AaABAg,AL0AGaoJCWY,@paultrigger3798,very nice watching a quality basketball game without a bunch of bs flopping from okc,very nice watching a quality basketball game without a bunch of bs flopping from okc,84,0,0,Positif,positive,neutral
Ugx1XpL2MW4I-GXExRF4AaABAg,AL0AGaoJCWY,@CharlitaWright-yw6wm,"Altho I was rooting for OKC, this looks like it's going to be a good series & may the best team win.  I'm enjoying watching both teams 👍","altho i was rooting for okc, this looks like it's going to be a good series & may the best team win.  i'm enjoying watching both teams 👍",136,0,0,Positif,positive,positive
UgwzmVLNPqtrYdULNdJ4AaABAg,AL0AGaoJCWY,@kyled1795,Wtf is this spongebob intro,wtf is this spongebob intro,27,0,0,Negatif,negative,neutral
UgwQvAQ8sC3Phj17n5h4AaABAg,AL0AGaoJCWY,@markpaul6735,JBBB U DAT BOII,jbbb u dat boii,15,0,0,Positif,positive,neutral
UgzmPWoHiJu1KCk7LlJ4AaABAg,AL0AGaoJCWY,@InfamousMacBoxing,"OKC fan here. Yea it's still orange and blue love. Plus WHO TF is a San Antonio fan anyway? Lmfao like literally. Who's from S.A.??? NY is much better for 🏀 than SA.

NY sweeping these b*tch a$$ MFS
Go NY Go NY Go!!

I want the same hate SGA got to go towards Wendy. Because bro is so trash. Flopping just for free buckets. Bro had 14ft. Lol same amount of ft across the entire NY starting line up. FOH. 

Spurs has zero enforcers. Starters are wore out! Spurs entire starting line averaged over 35mins 🤣. Them boys Tiiireed! Zero help from bench. They can't do it all. Their Bench 🚮","okc fan here. yea it's still orange and blue love. plus who tf is a san antonio fan anyway? lmfao like literally. who's from s.a.??? ny is much better for 🏀 than sa.

ny sweeping these b*tch a$$ mfs
go ny go ny go!!

i want the same hate sga got to go towards wendy. because bro is so trash. flopping just for free buckets. bro had 14ft. lol same amount of ft across the entire ny starting line up. foh. 

spurs has zero enforcers. starters are wore out! spurs entire starting line averaged over 35mins 🤣. them boys tiiireed! zero help from bench. they can't do it all. their bench 🚮",583,1,0,Negatif,negative,negative
UgzuVqhM13OvenHYWUR4AaABAg,AL0AGaoJCWY,@angelobrodie9415,The moment too big for the young spurs. Knicks in six.,the moment too big for the young spurs. knicks in six.,54,0,0,Negatif,negative,neutral
UgwD5nIii09FvBictrV4AaABAg,AL0AGaoJCWY,@Eazyset,"Im a die hard KNICK FAN from Brooklyn NY, First half I was punch the air.. 😅😅","im a die hard knick fan from brooklyn ny, first half i was punch the air.. 😅😅",77,0,0,Negatif,negative,positive
UgzSt4B96PjgtMOW52R4AaABAg,AL0AGaoJCWY,@inthemeantime-z2u,Spurs are that corny,spurs are that corny,20,0,0,Negatif,negative,neutral
UgygrUk4zVuqbRl0RJV4AaABAg,AL0AGaoJCWY,@GaryHest,jalen brunson's handles and ball control are definitely up there with kyrie's,jalen brunson's handles and ball control are definitely up there with kyrie's,77,0,0,Positif,positive,neutral
UgxPQJhInZdMHQTLTvF4AaABAg,AL0AGaoJCWY,@viatrix_19,Former Toronto Raptors OG Anunoby finally experienced the NBA Finals in 2026. He did not play in the NBA Finals 2019 because of the emergency appendectomy surgery he underwent before the 2019 post-season started.,former toronto raptors og anunoby finally experienced the nba finals in 2026. he did not play in the nba finals 2019 because of the emergency appendectomy surgery he underwent before the 2019 post-season started.,212,0,0,Neutral,neutral,neutral
Ugxl23vFDvT74erQ25t4AaABAg,AL0AGaoJCWY,@OffHandGorgon8,The Knicks is running all over Victor Wembanyama. They going right at him,the knicks is running all over victor wembanyama. they going right at him,73,0,0,Positif,positive,neutral
UgxUH8npuoV_BxjeBPB4AaABAg,AL0AGaoJCWY,@baronnucleus401,Brunson gets it done in crunch time. Dude is a baller,brunson gets it done in crunch time. dude is a baller,53,0,0,Positif,positive,neutral
Ugzc7-G_pDeC8xzxzoN4AaABAg,AL0AGaoJCWY,@jamisonlamkin5576,Thank you Danhausen,thank you danhausen,19,0,0,Positif,positive,neutral
UgyWfpeLSe9o9L4Pow94AaABAg,AL0AGaoJCWY,@PrinceAli628,"I am so happy and excited, I haven't been this excited for basketball in YEARS! MAY THE BEST TEAM WIN CAUSE I LOVE'EM BOTH!","i am so happy and excited, i haven't been this excited for basketball in years! may the best team win cause i love'em both!",123,2,0,Positif,positive,positive
Ugz7mr_uYgLwyBZAM1F4AaABAg,AL0AGaoJCWY,@sluushystar,Spurs HAVE to do better on rebounding. They were giving way too many second chance buckets.,spurs have to do better on rebounding. they were giving way too many second chance buckets.,91,0,0,Negatif,negative,neutral
UgySCmrvKdnr2eBs60B4AaABAg,AL0AGaoJCWY,@ZeldonSinghIsFly27.,KNICKS BUSINESS MODEL IS 2 STARS SURROUNDED BY VET MINIMUMZ EVERYONE KNOWS THEIR ROLE. BRUNSON IS THE CATALYST KNICKS BECAME RELEVANT WHEN HE WENT THERE UNFORTUNATELY SPURS DID NOT PLAY PROPERLY GAME 2 SHOULD WIN.,knicks business model is 2 stars surrounded by vet minimumz everyone knows their role. brunson is the catalyst knicks became relevant when he went there unfortunately spurs did not play properly game 2 should win.,213,0,0,Neutral,neutral,positive
Ugw4P4H63gsm-eXB2ep4AaABAg,AL0AGaoJCWY,@DavidBrazell-b8o,Knicks winning it all in 5,knicks winning it all in 5,26,0,0,Positif,positive,positive
Ugzr_gaJhcMC56c_MEF4AaABAg,AL0AGaoJCWY,@nannoc,#KNICKSIN4,#knicksin4,10,0,0,Positif,positive,neutral
UgxrZwT_Sb89eI_3m2l4AaABAg,AL0AGaoJCWY,@hgent6626,"Boii killed with a tweaked knee 😂 

#LETSGOKNICKS","boii killed with a tweaked knee 😂 

#letsgoknicks",49,0,0,Positif,positive,neutral
UgxJ0MvZx0Yuj8v_GpV4AaABAg,AL0AGaoJCWY,@Officialharrison-fry,GO KNICKS IN 4 BABY,go knicks in 4 baby,19,1,0,Positif,positive,neutral
Ugwku8JnManHLKyM4sB4AaABAg,AL0AGaoJCWY,@adamroberts5584,The Knicks are on fire right now! 👀🔥🔥,the knicks are on fire right now! 👀🔥🔥,37,50,1,Positif,positive,positive
UgymrPoD9AVjzhN7ZOd4AaABAg,AL0AGaoJCWY,@DaytonaDes,Damn Wemby let the nuns down 😭😭,damn wemby let the nuns down 😭😭,31,0,0,Negatif,negative,neutral
Ugw2aAOEKJ0-qdTvNw14AaABAg,AL0AGaoJCWY,@RickyRobinson-g2i,JALEN BRUNSON is that DUDE...,jalen brunson is that dude...,29,0,0,Positif,positive,neutral
UgwioypKNLSdZaFwt2V4AaABAg,AL0AGaoJCWY,@michaelcastillo364,Don’t worry. The spike Lee curse will kick in.,don’t worry. the spike lee curse will kick in.,46,0,0,Negatif,negative,neutral
Ugx5OVdfatINgTOOPQt4AaABAg,AL0AGaoJCWY,@zildjandeiparine1963,Danhausen curse is still in effect,danhausen curse is still in effect,34,0,0,Negatif,negative,neutral
UgyNbyyx-Ts_dcOwZ754AaABAg,AL0AGaoJCWY,@albertojlorenzorosario2759,"I don't follow basketball or care about any of the teams but seeing this game I felt the magic the Knicks have, rooting for them!","i don't follow basketball or care about any of the teams but seeing this game i felt the magic the knicks have, rooting for them!",129,0,0,Positif,positive,neutral
Ugw0N1byDxRC6MbYMwZ4AaABAg,AL0AGaoJCWY,@dongotzki1019,"No injured players, no flopping just pure basketball ❤","no injured players, no flopping just pure basketball ❤",54,0,0,Positif,positive,positive
UgzaLoxLhPf8TMfSVk94AaABAg,AL0AGaoJCWY,@max1mu5dc,"Honestly, the Spurs deserved to lose. The coach couldn’t adjust and kept settling for kick-outs and 3s.","honestly, the spurs deserved to lose. the coach couldn’t adjust and kept settling for kick-outs and 3s.",103,0,0,Negatif,negative,neutral
UgxFT58zxIfl2IKsJLx4AaABAg,AL0AGaoJCWY,@paxcssr,Where are the Nuns?,where are the nuns?,19,0,0,Neutral,neutral,neutral
UgwGs5KP5kRrljWB4np4AaABAg,AL0AGaoJCWY,@jasminemccain8932,GTA kept the energy in the 1st half,gta kept the energy in the 1st half,35,1,0,Positif,positive,neutral
UgwuD4C5MCDLGUHV0hp4AaABAg,AL0AGaoJCWY,@JimiBills,#KnicksTape!!!!! Revenge for 2000!!!!!,#knickstape!!!!! revenge for 2000!!!!!,38,0,0,Positif,positive,neutral
UgwfZzoytNx4U9LLpFh4AaABAg,AL0AGaoJCWY,@dennisclarke6456,Josh Hart has no position.. he’s just a BASKETBALL PLAYER!! Dude plays like a Kamikaze pilot… chaos!!! Love it!! LETS GO KNICKS!!,josh hart has no position.. he’s just a basketball player!! dude plays like a kamikaze pilot… chaos!!! love it!! lets go knicks!!,129,0,0,Positif,positive,positive
UgxyChUksQDVPwztWaV4AaABAg,AL0AGaoJCWY,@MACHOMAN64193,As a Spurs fan this gon be a great series whoever wins,as a spurs fan this gon be a great series whoever wins,54,0,1,Positif,positive,positive
UgxjXSAXLR7gKfNuDwV4AaABAg,AL0AGaoJCWY,@Neilappanaboyana37,All yall brunson glazers but he did drop 30 tho,all yall brunson glazers but he did drop 30 tho,47,1,0,Positif,positive,neutral
Ugzuz4XSE7adM3sXQwd4AaABAg,AL0AGaoJCWY,@demonative9945,What’s with the Knicks introduction music😭🥀,what’s with the knicks introduction music😭🥀,43,0,0,Negatif,negative,neutral
Ugzdv4VGfujoRggPHjF4AaABAg,AL0AGaoJCWY,@manonfire2148,Charles Brunson is awesome,charles brunson is awesome,26,0,0,Positif,positive,positive
Ugxy2xdLgTPpR2i8JXZ4AaABAg,AL0AGaoJCWY,@balmorehernandez2226,I hope nicks win,i hope nicks win,16,0,0,Positif,positive,positive
UgwffIHfsK_waylN4tR4AaABAg,AL0AGaoJCWY,@Soysaucemoto,This reminded me of Iverson vs Lakers in 2001 Finals,this reminded me of iverson vs lakers in 2001 finals,52,0,0,Positif,positive,neutral
UgwYdaCHUgR0qPjWcfl4AaABAg,AL0AGaoJCWY,@treyolden3366,NBA trying to hand wemby legacy points on a silver platter and he's throwing it away like a cigarette outside the louvre,nba trying to hand wemby legacy points on a silver platter and he's throwing it away like a cigarette outside the louvre,120,0,0,Negatif,negative,neutral
UgxOsdx0mv60HJG_crh4AaABAg,AL0AGaoJCWY,@Newyorksfinest8843,Go New York. Go New York Go,go new york. go new york go,27,0,0,Positif,positive,neutral
Ugx-_dlic5XC47u9RfB4AaABAg,AL0AGaoJCWY,@ji3oogtv927,Winning Nex game to😂,winning nex game to😂,20,0,0,Positif,positive,positive
Ugy5e-wCni7BWXql-UN4AaABAg,AL0AGaoJCWY,@ReeceSavage-s6t,They was throwing haymakers 😅,they was throwing haymakers 😅,29,0,0,Neutral,neutral,neutral
Ugzbo_oGXnv_1UhjBE94AaABAg,AL0AGaoJCWY,@kieoshaholmes4776,Mannnn I can’t believe I’m witnessing the Knicks playing at this level!!!!!! You guys brought back hope to the city!!!! Win or lose I’m proud of ya!!! Wemby this ain’t Chet!!!!!!!,mannnn i can’t believe i’m witnessing the knicks playing at this level!!!!!! you guys brought back hope to the city!!!! win or lose i’m proud of ya!!! wemby this ain’t chet!!!!!!!,179,0,0,Positif,positive,positive
UgyYc7BiQblF0dvnLsB4AaABAg,AL0AGaoJCWY,@nutsu2386,Brunson carry so hard,brunson carry so hard,21,0,0,Positif,positive,positive
UgzeebRCUFuOR0TzHF94AaABAg,AL0AGaoJCWY,@bobbiedylan9758,Wow NYC may have a nba championship on the horizon 🎉,wow nyc may have a nba championship on the horizon 🎉,52,0,0,Positif,positive,positive
UgzxAkNo_dGupVFT4UJ4AaABAg,AL0AGaoJCWY,@AmazingGuy13,Game 1 is always crucial to win and the Knicks got it done! 3 more to go! The job is not finished yet!,game 1 is always crucial to win and the knicks got it done! 3 more to go! the job is not finished yet!,102,104,5,Positif,positive,positive
UgyIxA9KPB5VRXm19s14AaABAg,AL0AGaoJCWY,@AgericoPetronioJr,#ropyurhdjawjxhsjshejjwuwisjdosue9e9sisksksnsis,#ropyurhdjawjxhsjshejjwuwisjdosue9e9sisksksnsis,47,0,0,Neutral,neutral,neutral
UgwK-Me-BgpWG8oG2gl4AaABAg,AL0AGaoJCWY,@Oldeorleans504,BRUNSON OVER CARMELO,brunson over carmelo,20,2,0,Positif,positive,neutral
Ugz1Rg1BI-X9lg3VWUB4AaABAg,AL0AGaoJCWY,@onlythebest3311,"Last time knicks was in the final I was still in high school, all my hs friends and I were watching together in one of the friend’s home along with his extended family, his dad had a big bottle of champagne ready. When the knicks got owned AGAIN in 5 years, the friends dad threw the big bottle right against the wall, everyone jumped up lol.   It was a moment that stayed with me for some reason. Now 45+ with kids….here we go again!  Good first game, you owe us this Knicks! 26 freaking years….dont mess it up","last time knicks was in the final i was still in high school, all my hs friends and i were watching together in one of the friend’s home along with his extended family, his dad had a big bottle of champagne ready. when the knicks got owned again in 5 years, the friends dad threw the big bottle right against the wall, everyone jumped up lol.   it was a moment that stayed with me for some reason. now 45+ with kids….here we go again!  good first game, you owe us this knicks! 26 freaking years….dont mess it up",511,1,0,Positif,positive,positive
UgzD2GR1HWVMzFpszwF4AaABAg,AL0AGaoJCWY,@rectosevilla2147,The Knicks are going to sweep the spurs,the knicks are going to sweep the spurs,39,0,0,Positif,positive,neutral
UgwcGJdUTkv7bWs3szZ4AaABAg,AL0AGaoJCWY,@curtisgrindahl446,Does anyone think Mike Brown made a difference?,does anyone think mike brown made a difference?,47,0,0,Neutral,neutral,neutral
UgziSrmzT3KsdO-Z1JV4AaABAg,AL0AGaoJCWY,@dakotadaniels5403,Unwatchable with the ads,unwatchable with the ads,24,0,0,Negatif,negative,neutral
Ugzl3_WFhtAAsTce6O94AaABAg,AL0AGaoJCWY,@dmerchantprince2506,"I hope Knicks win this series, this is their only chance for a championship.. its gonna be hard after this Spurs Okc is going nowhere","i hope knicks win this series, this is their only chance for a championship.. its gonna be hard after this spurs okc is going nowhere",133,2,0,Positif,positive,positive
UgwSluuGDxBaDeQDLa94AaABAg,AL0AGaoJCWY,@neddymicky5187,"The amount of ads every minute, makes me not want to watch but skip to the end.","the amount of ads every minute, makes me not want to watch but skip to the end.",79,0,0,Negatif,negative,neutral
UgyD2_x31bgsZJ5P3ad4AaABAg,AL0AGaoJCWY,@makaalpas,good to see a playoff game without someone falling to the floor in every d@mn shot.,good to see a playoff game without someone falling to the floor in every d@mn shot.,83,0,0,Positif,positive,positive
Ugynl4BIrx0_Ra8aHtV4AaABAg,AL0AGaoJCWY,@chasepender7616,skip to 2:43 if you just wanna watch the highlights...so much hooplah,skip to 2:43 if you just wanna watch the highlights...so much hooplah,69,0,0,Negatif,negative,neutral
Ugww9zA4wO4Xm-LrOpd4AaABAg,AL0AGaoJCWY,@DouglasLeslie-o6r,Nice win Knicks!  I am pulling for you big time!  So tired of the lucky San Antonio Spurs.  Many of their championships are due to lucky NBA lottery draws.,nice win knicks!  i am pulling for you big time!  so tired of the lucky san antonio spurs.  many of their championships are due to lucky nba lottery draws.,155,1,0,Positif,positive,positive
UgyfF-TKfMbrtiAdZJt4AaABAg,AL0AGaoJCWY,@JustinP224,"Spurs had a lead
Knicks took that away 
And won in spurs country.

LFG🟠💙","spurs had a lead
knicks took that away 
and won in spurs country.

lfg🟠💙",72,0,0,Positif,positive,neutral
Ugy49UrL6RuwpUkQ_2V4AaABAg,AL0AGaoJCWY,@NYCBX9,15:03 so tuff 🔥🔥,15:03 so tuff 🔥🔥,16,3,2,Positif,positive,neutral
UgzdBMtD9T51R4Ga9vN4AaABAg,AL0AGaoJCWY,@jrealaking8700,This a joke right,this a joke right,17,0,0,Negatif,negative,neutral
UgxujhBg5rVkApwuOK94AaABAg,AL0AGaoJCWY,@bowclipscarter634,"As a fan of neither team what a game, this is gonna be a great series","as a fan of neither team what a game, this is gonna be a great series",69,0,0,Positif,positive,positive
UgyrF3B3c8b8Yssv8zN4AaABAg,AL0AGaoJCWY,@DanearelArches,Nothing will beat the 90s finals bulls intro,nothing will beat the 90s finals bulls intro,44,0,0,Neutral,neutral,neutral
UgyF0iyJ0MXENSX-KIh4AaABAg,AL0AGaoJCWY,@raerlyoarris7564,Yall think Spurs doing the Knicks a gentleman sweep,yall think spurs doing the knicks a gentleman sweep,51,0,0,Positif,positive,neutral
UgxA8X0P1PtQA2hTFRZ4AaABAg,AL0AGaoJCWY,@the_best_that_ever_did_it,"THE NEW YORK CITY TICKS HAVE TO BE THE LUCKIEST TEAM TO MAKE IT TO THE FINALS…




… WITH ALL THE CUPCAKES THEY’VE PLAYED IN THE EASTERN CONFERENCE, THEY GET TO PLAY AN EXTREMELY OVERRATED DERPS TEAM WITH AN OVERRATED STAR LIKE WIMPYMAMA IN THIS SERIES — THAT’S HILARIOUS LOL","the new york city ticks have to be the luckiest team to make it to the finals…




… with all the cupcakes they’ve played in the eastern conference, they get to play an extremely overrated derps team with an overrated star like wimpymama in this series — that’s hilarious lol",275,1,1,Negatif,negative,negative
UgznHD5jjMNwCugRjLN4AaABAg,AL0AGaoJCWY,@Coach.Nigel131,"Yea, gimme 6 more of these for sure! Some solid hooping 🙌🏾🙏🏾","yea, gimme 6 more of these for sure! some solid hooping 🙌🏾🙏🏾",60,0,0,Positif,positive,positive
UgxjVb_cHyMI-mFiqi94AaABAg,AL0AGaoJCWY,@robertortiz8610,Spurs drop an all time stinker and still barely lost. Ain’t worried one bit.,spurs drop an all time stinker and still barely lost. ain’t worried one bit.,76,1,0,Positif,positive,negative
UgxeKwCcBBCViHkkTnJ4AaABAg,AL0AGaoJCWY,@nyceyes,0:36 I wonder how / if MSG will respond to this. I hope not. It was kiddish.,0:36 i wonder how / if msg will respond to this. i hope not. it was kiddish.,76,0,0,Negatif,negative,neutral
Ugw4BG0hEPkcC5T-w4V4AaABAg,AL0AGaoJCWY,@YvetteMaple,The music tho😂😂😂,the music tho😂😂😂,16,0,0,Negatif,negative,neutral
UgwbiSI0_ikD7KRe-_94AaABAg,AL0AGaoJCWY,@JesusLovesBrokenMen,Brunson is a 90s guard - type… DOMINATING the clutch in the modern NBA. It’s insane 🤯,brunson is a 90s guard - type… dominating the clutch in the modern nba. it’s insane 🤯,85,1,0,Positif,positive,positive
UgyN5JEqiMnrAlxGmvt4AaABAg,AL0AGaoJCWY,@nully78,last night nyc was helll again. At this rate even if they win or lose NY is exploding,last night nyc was helll again. at this rate even if they win or lose ny is exploding,85,0,0,Positif,positive,positive
UgwPS6jM45wHVu76Nf14AaABAg,AL0AGaoJCWY,@daviddeutsch9912,Orange and blue skies baby 🧡💙,orange and blue skies baby 🧡💙,29,0,0,Positif,positive,neutral
UgwmFTs6v8A71R_Pip54AaABAg,AL0AGaoJCWY,@HENRY-hj6nn,D green needs to see this,d green needs to see this,25,0,0,Positif,positive,neutral
UgxN31auI3xHURDMqtN4AaABAg,AL0AGaoJCWY,@LAAL802,"This is why we were begging for Knicks and spurs .. fun as finals , MSG IS GOING TO BE NUTTS.","this is why we were begging for knicks and spurs .. fun as finals , msg is going to be nutts.",93,0,0,Positif,positive,positive
Ugx_eJuNjzNZZM-Q72t4AaABAg,AL0AGaoJCWY,@pc88k,KAT might be the most unathletic professional athlete,kat might be the most unathletic professional athlete,53,0,0,Negatif,negative,neutral
UgwfQjgyYHgYTw4fIMx4AaABAg,AL0AGaoJCWY,@ramendahomie,i was told if spurs had a double digit lead the knicks wouldn’t be able to come back…,i was told if spurs had a double digit lead the knicks wouldn’t be able to come back…,85,1,0,Positif,positive,neutral
UgwBVLI8n2XkKK9OnU94AaABAg,AL0AGaoJCWY,@enereltenlt2575,"Image if it was just OKC, It would not be like that","image if it was just okc, it would not be like that",51,0,0,Negatif,negative,neutral
UgwZiIG1G6bX6k4RzVh4AaABAg,AL0AGaoJCWY,@iluvpalegirls243,Don't be surprised if the KNICKS go for the KNOCKOUT in game 2 !!!!!,don't be surprised if the knicks go for the knockout in game 2 !!!!!,68,0,0,Positif,positive,neutral
UgwtDNKidKQu6lLoErF4AaABAg,AL0AGaoJCWY,@jackpaxton9391,Boop bah doop bah doop bah doop,boop bah doop bah doop bah doop,31,1,0,Neutral,neutral,neutral
UgzNTcwgDrX86uIr3fh4AaABAg,AL0AGaoJCWY,@Chi_Chi-get_me_dat,"What the haters gonna say now “oh it’s only one game, Wemby was tired” FOH!! Put some respect on them NY Boyz🫡🫡!! #Knickstape #NYSTANDUP🗽🗽🗽🗽🗽","what the haters gonna say now “oh it’s only one game, wemby was tired” foh!! put some respect on them ny boyz🫡🫡!! #knickstape #nystandup🗽🗽🗽🗽🗽",141,0,0,Positif,positive,positive
UgzayfblLJsXV8Dyas14AaABAg,AL0AGaoJCWY,@PatrickGuintu,"Capt ""Clutch"" Brunson!","capt ""clutch"" brunson!",22,1,1,Positif,positive,positive
UgyNk1o2MRRDEU5ieyd4AaABAg,AL0AGaoJCWY,@aaronchong2194,Man I'm thinking Dallas let go of this man😂. I genuinely want Brunson and Luka both get a championship win to slap Dallas management in the face,man i'm thinking dallas let go of this man😂. i genuinely want brunson and luka both get a championship win to slap dallas management in the face,144,1,0,Positif,positive,positive
UgwZavar0z4mscFSk6h4AaABAg,AL0AGaoJCWY,@omegaman9145,I dont care about analytics. A 7'4 alien camped out at the 3point line makes no sense 🤷🏿‍♂️,i dont care about analytics. a 7'4 alien camped out at the 3point line makes no sense 🤷🏿‍♂️,91,0,0,Positif,positive,neutral
Ugwz3NA0897XHI2845F4AaABAg,AL0AGaoJCWY,@scipioprime69,And they say Brunson will be clamped down by younger and faster Spurs guards?,and they say brunson will be clamped down by younger and faster spurs guards?,77,0,0,Neutral,neutral,neutral
Ugyo2pc6iML52u4cRW94AaABAg,AL0AGaoJCWY,@luisnavarro8057,Jalen Brunson is a monster,jalen brunson is a monster,26,0,0,Positif,positive,neutral
Ugz_gLQfXpkpFO0qKo94AaABAg,AL0AGaoJCWY,@msjincorporated,YESSIRRRRRRRRRR,yessirrrrrrrrrr,15,2,0,Positif,positive,neutral
UgzOgyzW0jyI4Hf7RS94AaABAg,AL0AGaoJCWY,@sigerlion8608,GO NY GO NY GO!!!!,go ny go ny go!!!!,18,0,0,Positif,positive,neutral
Ugxx2T98ZWfR-55_JUV4AaABAg,AL0AGaoJCWY,@getoheisman1776,Get Daaron fox out of here hes a bum,get daaron fox out of here hes a bum,36,0,0,Negatif,negative,negative
UgzHTb5vu9a0ftkJ5Yt4AaABAg,AL0AGaoJCWY,@norlan3525,3 more to go !!!!!,3 more to go !!!!!,18,1,0,Neutral,neutral,neutral
Ugw20bYxU25QJeMUbUd4AaABAg,AL0AGaoJCWY,@crazygoatgallery,GO KNICKS 🔋,go knicks 🔋,11,0,0,Positif,positive,neutral
UgwKkSTxL3Q3GoDm6Wx4AaABAg,AL0AGaoJCWY,@dannychoriki1977,Captain CLUTCH,captain clutch,14,0,0,Positif,positive,positive
UgzZU_zcGrXWuqxYu2F4AaABAg,AL0AGaoJCWY,@JM27869,Not to long ago Stephen A said the knicks were trash,not to long ago stephen a said the knicks were trash,52,1,0,Neutral,neutral,negative
UgycnBk1ITrRdyZUjdV4AaABAg,AL0AGaoJCWY,@jaxnaturals,how Bruson is not in the running for MVP is beyond me,how bruson is not in the running for mvp is beyond me,53,0,0,Positif,positive,positive
UgyCb0UtrVu0debzHVt4AaABAg,AL0AGaoJCWY,@TheLostRange,"I support both team, since OKC is out, we can finally enjoying the fun basketball game :)","i support both team, since okc is out, we can finally enjoying the fun basketball game :)",89,3,0,Positif,positive,positive
UgwPrBUa6sAxjb60OwR4AaABAg,AL0AGaoJCWY,@carlodaneebora5853,Still Spurs in 6,still spurs in 6,16,0,0,Positif,positive,neutral
UgzVPsbBa-PjQ8gRxc54AaABAg,AL0AGaoJCWY,@therealxenith3237,Game 1 Josh Hart is who Angel Reese thinks she is.,game 1 josh hart is who angel reese thinks she is.,50,0,0,Positif,positive,neutral
UgzYhhTGCxAQjkcLFjR4AaABAg,AL0AGaoJCWY,@ReginaldAndrews-y9k,"In an interview Draymond Green, says in reference to the Knicks, that, winning a Western conference finals is harder than winning an Eastern conference finals. If I were a Knicks player, I would say to Green, "" so uh, what happened to the Warriors thus season? Oh yeah....THEY CHOKED!""😂😂😂😂","in an interview draymond green, says in reference to the knicks, that, winning a western conference finals is harder than winning an eastern conference finals. if i were a knicks player, i would say to green, "" so uh, what happened to the warriors thus season? oh yeah....they choked!""😂😂😂😂",289,0,0,Negatif,negative,positive
UgzdcicaIocfwGaorkd4AaABAg,AL0AGaoJCWY,@LewisArmstead-x1t,Big body Brunson came to play 👀,big body brunson came to play 👀,31,2,0,Positif,positive,neutral
UgxWDs52bJghu5e71aJ4AaABAg,AL0AGaoJCWY,@โบ๊ะบ๊ะchanel-d5y,Acting sport,acting sport,12,0,0,Negatif,negative,neutral
UgykJBlVxR_ApzAzj1N4AaABAg,AL0AGaoJCWY,@varshith3d335,That offensive rebound from brunson at 15:33 from brunson and the 3 pointer stole the game away from spurs,that offensive rebound from brunson at 15:33 from brunson and the 3 pointer stole the game away from spurs,106,0,0,Positif,positive,neutral
UgwfZOYph7IG84rwLsh4AaABAg,AL0AGaoJCWY,@Rama-gu7dd,Spurs had the opportunity to close the game early but choked. No excuses.,spurs had the opportunity to close the game early but choked. no excuses.,73,0,0,Negatif,negative,negative
Ugzgv_kl978NfBOTNTR4AaABAg,AL0AGaoJCWY,@npa2468,22 for 79 from the three point line is horrendous. The last two years has been some of the worst basketball I have ever seen. College and Pro.,22 for 79 from the three point line is horrendous. the last two years has been some of the worst basketball i have ever seen. college and pro.,142,0,0,Negatif,negative,negative
UgwGY4DnsIrtDoODAIV4AaABAg,AL0AGaoJCWY,@Therealtruth48,Nobody talking about the intro 💀,nobody talking about the intro 💀,32,0,0,Negatif,negative,neutral
UgzTtZmvG5XAz6WY5HN4AaABAg,AL0AGaoJCWY,@joseangelhernandez5274,17:12- the announcer farted😂,17:12- the announcer farted😂,28,0,0,Negatif,negative,neutral
Ugyk4lv6zypM6lpVaoV4AaABAg,AL0AGaoJCWY,@FizzBeam22,I can’t believe the spurs blew this one great win NY,i can’t believe the spurs blew this one great win ny,52,1,0,Positif,positive,positive
UgwCIH78CzgthLMh2wZ4AaABAg,AL0AGaoJCWY,@GianAquino-j3x,"Go New York, Go New York, Gooo!!!","go new york, go new york, gooo!!!",33,5,0,Positif,positive,neutral
UgwX08LLQ9sVWdNlrcV4AaABAg,AL0AGaoJCWY,@Moltar29,I shaved the last time the Knicks lost. I now have a beard. That's not even an attempt to make a joke. Just a factual statement.,i shaved the last time the knicks lost. i now have a beard. that's not even an attempt to make a joke. just a factual statement.,128,0,0,Positif,positive,negative
UgxsKVu2phV0wlny_4V4AaABAg,AL0AGaoJCWY,@Boomshakalaka-wn9oq,LETS GO KNICKS!!!!,lets go knicks!!!!,18,1,0,Positif,positive,positive
UgwuHypNOxpugDBPw7d4AaABAg,AL0AGaoJCWY,@eddiephears,"We're is Bernard King,  Patrick Ewing  ?","we're is bernard king,  patrick ewing  ?",40,0,0,Neutral,neutral,neutral
UgzEWeZC1aalMgjUxAp4AaABAg,AL0AGaoJCWY,@leahcimnayr3241,Putting in Fox at this point in time is a bad move,putting in fox at this point in time is a bad move,50,0,0,Negatif,negative,negative
UgxqnmyTJZfy4Hh5FAB4AaABAg,AL0AGaoJCWY,@southwardcape,Bruh..what up with the music😹😹,bruh..what up with the music😹😹,30,0,0,Negatif,negative,neutral
Ugz1d0HC5hFSaM4kb2x4AaABAg,AL0AGaoJCWY,@wow_71,Knicks on 5🔥🔥🤞,knicks on 5🔥🔥🤞,14,0,0,Positif,positive,neutral
UgxMvGCHeCfkAZb2Jg54AaABAg,AL0AGaoJCWY,@him1062,The ads are ridiculous,the ads are ridiculous,22,0,0,Negatif,negative,neutral
Ugzg_kkIBHn9lqkBMSh4AaABAg,AL0AGaoJCWY,@MarioNAshEvangalist,Why is wemby getting the ball before Halfcourt lol,why is wemby getting the ball before halfcourt lol,50,1,0,Negatif,negative,neutral
UgzBWgiPuOKNUs6kmQN4AaABAg,AL0AGaoJCWY,@BillSerra-i5h,"As a life long Knicks fan who was going to their games--including double headers--at the old MSG on W 49th, this was fun to watch. This team has a lot of character.","as a life long knicks fan who was going to their games--including double headers--at the old msg on w 49th, this was fun to watch. this team has a lot of character.",164,0,0,Positif,positive,positive
UgxbGg2hkmrERxOPwfN4AaABAg,AL0AGaoJCWY,@xTheOxx,Those who had been calling KAT soft can put a sock in it from now on,those who had been calling kat soft can put a sock in it from now on,68,0,0,Positif,positive,negative
UgyMatyGDW02OTqm8mt4AaABAg,AL0AGaoJCWY,@fartwizardswag,KNICKS IN 4 WHORES,knicks in 4 whores,18,0,0,Positif,positive,neutral
UgwI03EYBMRmf3xvhwJ4AaABAg,AL0AGaoJCWY,@paidstacks,Spurs playing cute with that pregame player announcement and got cooked,spurs playing cute with that pregame player announcement and got cooked,71,0,0,Negatif,negative,positive
UgyeagTk6f69dFvCJFN4AaABAg,AL0AGaoJCWY,@williambernardbrown,The knicks found a way to neutralize Wymbenyama,the knicks found a way to neutralize wymbenyama,47,0,1,Positif,positive,neutral
UgwEpZVQ7QQF_Uvy9UV4AaABAg,AL0AGaoJCWY,@Notoanomaly,"They under estimate NYK.. remember , NYK have a great rally point every last quarter of the game. they have the great scores every 4th qtr. spurs collapse 4th qtr because of fatigue","they under estimate nyk.. remember , nyk have a great rally point every last quarter of the game. they have the great scores every 4th qtr. spurs collapse 4th qtr because of fatigue",181,0,0,Positif,positive,positive
Ugx3Y1fLYZRp_UGzhAR4AaABAg,AL0AGaoJCWY,@rishabhkalwar9924,"wemby gave too much possesions , he will surely word hard i am sure","wemby gave too much possesions , he will surely word hard i am sure",67,0,0,Negatif,negative,positive
Ugyv3SFGIB16O8V6P054AaABAg,AL0AGaoJCWY,@MohammadHasimDitucalan,So many turnovers from the spurs and always taken advantage of by the Knicks. Good game,so many turnovers from the spurs and always taken advantage of by the knicks. good game,87,0,0,Positif,positive,positive
UgzxP7Nh8-cNO36pqE14AaABAg,AL0AGaoJCWY,@angeljimenez-hc4eu,"As a Lakers fan, I love this finals series. So many great matchups and both teams have so much depth. Nothing but respect to both teams.","as a lakers fan, i love this finals series. so many great matchups and both teams have so much depth. nothing but respect to both teams.",136,81,4,Positif,positive,positive
Ugwr2AcMGOM8QsXnJXZ4AaABAg,AL0AGaoJCWY,@ryanabbeyseon,CALL THE NATIONAL GUARD FOR GAME 3!!!,call the national guard for game 3!!!,37,1,0,Neutral,neutral,neutral
UgxEBkvghROMts4Ycql4AaABAg,AL0AGaoJCWY,@localstreetsbatman,"If Brunson can keep going like this, he will probably be the most clutch player in history maybe.","if brunson can keep going like this, he will probably be the most clutch player in history maybe.",97,0,0,Positif,positive,positive
UgwUVXDYX_WcQV9-Zsl4AaABAg,AL0AGaoJCWY,@G30GE,What the heck's with the background music during the Knicks player intro 0:43,what the heck's with the background music during the knicks player intro 0:43,77,1,0,Negatif,negative,neutral
UgyleXdPmOJL5THrk4R4AaABAg,AL0AGaoJCWY,@aaronwasag5072,I LOVE THIS TEAM!!! #Knicksin4,i love this team!!! #knicksin4,30,0,0,Positif,positive,positive
Ugx6hCgsteoz-QJcayl4AaABAg,AL0AGaoJCWY,@rayuchia5203,Knicks already won a ship they got chemistry from college,knicks already won a ship they got chemistry from college,57,0,0,Positif,positive,neutral
Ugz-gZV597sBO8mfDa94AaABAg,AL0AGaoJCWY,@karl1444,The corgi has sadly not get the first game,the corgi has sadly not get the first game,42,0,0,Negatif,negative,neutral
UgwKYYXjLLrEtcYffFZ4AaABAg,AL0AGaoJCWY,@niko01511,Mike Breen is one of the goats but these ABC/ESPN intros do not hit as hard as the NBA on NBC intros of the past with Bob Costas and Marc Albert.,mike breen is one of the goats but these abc/espn intros do not hit as hard as the nba on nbc intros of the past with bob costas and marc albert.,145,1,0,Positif,positive,positive
UgxXE2WTjo8F2vV7bPh4AaABAg,AL0AGaoJCWY,@JeffTheNebraskaDJ,RIGGED NBA BS!! WHO CARES?? HA!! the dj,rigged nba bs!! who cares?? ha!! the dj,39,0,0,Negatif,negative,neutral
Ugz2vE0vNlIYhkpIWk54AaABAg,AL0AGaoJCWY,@Lucas.Whitman,"17:20 “What was the difference in the last 2 minutes?”
Brunson: “Me”","17:20 “what was the difference in the last 2 minutes?”
brunson: “me”",68,2,0,Neutral,neutral,neutral
UgzAFOBDuqYwMUVYn8t4AaABAg,AL0AGaoJCWY,@ShelbyMoss73,How the Spurs blew a 14pt lead is beyond me.......,how the spurs blew a 14pt lead is beyond me.......,50,0,0,Negatif,negative,neutral
UgwQT-EZ1ePW0rXZnrl4AaABAg,AL0AGaoJCWY,@jguitar151,Let’s go knicks!!!,let’s go knicks!!!,18,1,0,Positif,positive,neutral
Ugw1azmGiGvuRM_OKCJ4AaABAg,AL0AGaoJCWY,@autumn_icicle,"wtf, that tune. wow i didnt expect to hear that. lol","wtf, that tune. wow i didnt expect to hear that. lol",52,0,0,Negatif,negative,positive
Ugyjdn05xU4Y58R7QNZ4AaABAg,AL0AGaoJCWY,@MrSka7cis,Josh Hart was also a difference maker with securing the defensive rebounds and getting it up the floor fast.,josh hart was also a difference maker with securing the defensive rebounds and getting it up the floor fast.,108,210,4,Positif,positive,neutral
UgwJfL4KeI9eB6B_AXR4AaABAg,AL0AGaoJCWY,@dignomad6744,What's really scary about this win in Spurs home is Bridges and hart were quiet on points ---- imagine when they make noise 😯,what's really scary about this win in spurs home is bridges and hart were quiet on points ---- imagine when they make noise 😯,125,0,0,Positif,positive,positive
UgxBaGezeRVL8IJxoPd4AaABAg,AL0AGaoJCWY,@Christianperatir,The background music😂,the background music😂,21,0,0,Negatif,negative,neutral
UgyUsORkp9YJN1p_Nr94AaABAg,AL0AGaoJCWY,@mikol.69420,"If the Knicks win it all, their fans would be unbearable for a long time. Im actually fine with this, at least it's not flop city thunder😂","if the knicks win it all, their fans would be unbearable for a long time. im actually fine with this, at least it's not flop city thunder😂",138,0,0,Positif,positive,positive
Ugwnbos8qHFSE-K9NBd4AaABAg,AL0AGaoJCWY,@TykeNotes,Wow,wow,3,0,0,Positif,positive,positive
UgxNg_UdOODRzS_P8Bh4AaABAg,AL0AGaoJCWY,@AjDannucci,Knicks got this locked up it’s gonna be Knicks in 4 or Knicks in 5,knicks got this locked up it’s gonna be knicks in 4 or knicks in 5,66,0,0,Positif,positive,neutral
UgxCBIj0n_w5VYKJt7p4AaABAg,AL0AGaoJCWY,@jasonbbb,Fox is just lost in the game,fox is just lost in the game,28,1,0,Negatif,negative,negative
UgwwqDJdacEwx7MgtOZ4AaABAg,AL0AGaoJCWY,@star_goofie,Suck this Draymon!!,suck this draymon!!,19,0,0,Negatif,negative,neutral
Ugwt2woP1h2TzbFJmiJ4AaABAg,AL0AGaoJCWY,@ricardopena4446,CHOKE,choke,5,0,0,Negatif,negative,negative
UgxaYHnAWzt624aJ8xx4AaABAg,AL0AGaoJCWY,@Efemral,"Watching from Sydney Australia, I like both teams and I don't know who to root for. Great game either way.","watching from sydney australia, i like both teams and i don't know who to root for. great game either way.",106,0,0,Positif,positive,positive
UgzyEazmf4DnvHR-qaN4AaABAg,AL0AGaoJCWY,@chagawawa,Spurs putting on that dumbass song to introduce the Knicks just to embarrass themselves even more with a 2nd half collapse.,spurs putting on that dumbass song to introduce the knicks just to embarrass themselves even more with a 2nd half collapse.,123,0,0,Negatif,negative,neutral
Ugx_wOKJTL4yoiDIo-F4AaABAg,AL0AGaoJCWY,@H0DLTHED0R,"Sloppy game Spurs, Fox invincible again. Knicks with a bunch of Miracle shots, congrats on winning.

Spurs need to be better.","sloppy game spurs, fox invincible again. knicks with a bunch of miracle shots, congrats on winning.

spurs need to be better.",125,1,0,Negatif,negative,positive
UgxvOphQqKqwQ_ucIDN4AaABAg,AL0AGaoJCWY,@860phantom7,Athletic bigs on both team. Dirk Nowitzki 😢,athletic bigs on both team. dirk nowitzki 😢,43,0,0,Neutral,neutral,neutral
Ugx_YYKTocsTo8Wr2Tp4AaABAg,AL0AGaoJCWY,@dennisreynolds2497,"From a national point of view, this Knicks team is probably the most likable sports team New York has ever had. Love this group. Let’s go Knicks from STL!","from a national point of view, this knicks team is probably the most likable sports team new york has ever had. love this group. let’s go knicks from stl!",154,625,7,Positif,positive,positive
UgyJe6i13sbxkQhfYzB4AaABAg,AL0AGaoJCWY,@jasonhoppe781,Spurs should have traded for ZION!!!,spurs should have traded for zion!!!,36,0,0,Positif,positive,neutral
Ugxwet0HUKDImjmLbhh4AaABAg,AL0AGaoJCWY,@daleg4785,I think spurs will win the second game,i think spurs will win the second game,38,0,0,Positif,positive,positive
UgypBYUcZwHDMro5Dhx4AaABAg,AL0AGaoJCWY,@yuzukeeofficial-g5q,The Knicks was so dominating in Playoffs without Tyrese Haliburton,the knicks was so dominating in playoffs without tyrese haliburton,66,0,0,Positif,positive,neutral
UgzBJk0Q864aOLQhpwF4AaABAg,AL0AGaoJCWY,@MauricioLuciche,spurs lame for putting that on,spurs lame for putting that on,30,0,0,Negatif,negative,neutral
UgwZ2r8dOIY9DgjDWjV4AaABAg,AL0AGaoJCWY,@jerryuma,The refs were so bad on this. Worst officiating I’ve ever seen in my life,the refs were so bad on this. worst officiating i’ve ever seen in my life,73,1,0,Negatif,negative,negative
Ugwt0eXKMGmzJRN_PrV4AaABAg,AL0AGaoJCWY,@jeffwischhof5752,Towns had a monster game! Love seeing the production come from everyone 👌 Gonna be a great series!!!,towns had a monster game! love seeing the production come from everyone 👌 gonna be a great series!!!,100,0,0,Positif,positive,positive
UgxGc7UE1Hx2l7GK98x4AaABAg,AL0AGaoJCWY,@illclaimr,GO KNICKS....,go knicks....,13,0,0,Positif,positive,neutral
UgzVpSubmzhDvniacpR4AaABAg,AL0AGaoJCWY,@Tags13-u8d,WTF Jalen scores almost all on the paint🥶,wtf jalen scores almost all on the paint🥶,41,1,0,Positif,positive,neutral
UgxH3LUG3OUnlSYCUZR4AaABAg,AL0AGaoJCWY,@DeangeloHubbard-p4w,Them ugly ass shirts keep making them loose pay attention,them ugly ass shirts keep making them loose pay attention,57,0,0,Negatif,negative,negative
Ugy534usixswn0aG7W94AaABAg,AL0AGaoJCWY,@christianjozoneugenio8829,"All NBA guards say all game long, he's to short, slow and unathletic... Until they see the 30+ pts beside his name when the final buzzer sounds","all nba guards say all game long, he's to short, slow and unathletic... until they see the 30+ pts beside his name when the final buzzer sounds",143,0,0,Negatif,negative,negative
UgwbXCCyP3HWVDvqs0V4AaABAg,AL0AGaoJCWY,@deeash718,1:38 you can’t use the computer beat and play against ny cmon lol,1:38 you can’t use the computer beat and play against ny cmon lol,65,11,3,Negatif,negative,neutral
UgwFrt3Sfo4gRu63U5h4AaABAg,AL0AGaoJCWY,@kingasif9265,3 games away 🎉,3 games away 🎉,14,0,0,Positif,positive,neutral
UgxSH6rv04BrB0QdZ5p4AaABAg,AL0AGaoJCWY,@LVZRTRVN,Holy adds,holy adds,9,0,0,Negatif,negative,neutral
UgwLgSihUylrBVR344t4AaABAg,AL0AGaoJCWY,@Ramii5123,This Knicks team has actually become insane. Everyone really is better than Jalen Brunson until it’s time to be better than Jalen Brunson.,this knicks team has actually become insane. everyone really is better than jalen brunson until it’s time to be better than jalen brunson.,138,14,0,Positif,positive,positive
UgzKTRKDrvV6O3E0hZ94AaABAg,AL0AGaoJCWY,@antoniomarine1567,Nicks steal game 1!!!!!!!!,nicks steal game 1!!!!!!!!,26,0,0,Positif,positive,neutral
UgwJANW7XsK16f_64Lh4AaABAg,AL0AGaoJCWY,@unfilteredenergymtl,If I just watched the fist part I thought it was going another way.,if i just watched the fist part i thought it was going another way.,67,0,0,Neutral,neutral,neutral
UgxOZb-j-F5MTiAcqnZ4AaABAg,AL0AGaoJCWY,@sonia2880,That intro song was diabolical. I was wondering what was wrong with my phone.😅😅,that intro song was diabolical. i was wondering what was wrong with my phone.😅😅,79,0,0,Negatif,negative,negative
UgxIAuSvSfimPsRyVkN4AaABAg,AL0AGaoJCWY,@SC302-25,"Jalen Brunson is a Menace
There is a Reason Why He is a Clutch Player of the Year 🧡
There is a Reason Why The Knicks Faithful calling Him a
Captain 🗽. After Two Injuries in the First Half, He became a Menace 💪🧡
Lez Goooo Knicks !!!!! 🗽🧡","jalen brunson is a menace
there is a reason why he is a clutch player of the year 🧡
there is a reason why the knicks faithful calling him a
captain 🗽. after two injuries in the first half, he became a menace 💪🧡
lez goooo knicks !!!!! 🗽🧡",236,0,0,Positif,positive,positive
UgxLmzcmeJ6-ckzetw14AaABAg,AL0AGaoJCWY,@gmtphilo173,They funny asl for that intro,they funny asl for that intro,29,0,0,Negatif,negative,neutral
UgyFHasi4biG7N9k03V4AaABAg,AL0AGaoJCWY,@YTW-rw6pr,It's so surreal to see The Knicks in the finals.  We were soooo bad for sooooo long,it's so surreal to see the knicks in the finals.  we were soooo bad for sooooo long,83,0,0,Positif,positive,negative
UgwNwsWaX6-kU6zIFux4AaABAg,AL0AGaoJCWY,@30dynamo,Jalen Brunson New York Legend 🔥🔥🔥🔥,jalen brunson new york legend 🔥🔥🔥🔥,34,0,0,Positif,positive,positive
UgxfrNhmaCT8P4rWWGp4AaABAg,AL0AGaoJCWY,@SgForeverSg,Just reminds you OKC lost because someone didn’t show up. You can’t afford a bystander when you’re trying to win a championship. Look at how Katz was doing everything and Mitchell Robinson playing with an injured hand.,just reminds you okc lost because someone didn’t show up. you can’t afford a bystander when you’re trying to win a championship. look at how katz was doing everything and mitchell robinson playing with an injured hand.,218,1,1,Neutral,neutral,negative
UgwZYUOZKrdK-jVCydJ4AaABAg,AL0AGaoJCWY,@laserwizard1,"Dumpy Brownscum needs to shut his trap - he has a career of injuring other players and flopping.    He's flopped in the playoffs.   This is an observable fact.    And there are times when Dumpy seems to think he is the only player on his team.    While I gave him props prior to this game even though I loathe every breath he takes, the fact remains that as a player, he is a dirty and selfish one.    I hope Dumpy enjoys this game because The Spurs (not my team) will adapt to his showboating and dirty style.   And he'll soon find out that two can play it rough and on the edge of the rules.","dumpy brownscum needs to shut his trap - he has a career of injuring other players and flopping.    he's flopped in the playoffs.   this is an observable fact.    and there are times when dumpy seems to think he is the only player on his team.    while i gave him props prior to this game even though i loathe every breath he takes, the fact remains that as a player, he is a dirty and selfish one.    i hope dumpy enjoys this game because the spurs (not my team) will adapt to his showboating and dirty style.   and he'll soon find out that two can play it rough and on the edge of the rules.",593,0,0,Negatif,negative,negative
UgziNk_MAiODVEWCDK14AaABAg,AL0AGaoJCWY,@Wickednessorweakness,Just feels like it’s the Knicks year man…..,just feels like it’s the knicks year man…..,43,0,0,Positif,positive,neutral
UgwBxlEXFoMUnBGsmyJ4AaABAg,AL0AGaoJCWY,@realsaintclair,These are 2 really good teams,these are 2 really good teams,29,0,0,Positif,positive,positive
UgxlwHZMa-bDNZmwqe14AaABAg,AL0AGaoJCWY,@ayeenghokage8746,That music jinx ‘em 😂,that music jinx ‘em 😂,21,2,1,Negatif,negative,neutral
UgwK75VgJ_mNqHXVjHJ4AaABAg,AL0AGaoJCWY,@j2hmrwallhax253,The PEDs are running hot in the knicks locker room lol.,the peds are running hot in the knicks locker room lol.,55,0,0,Positif,positive,neutral
UgzMYpNSqSwDKfvCYNR4AaABAg,AL0AGaoJCWY,@BigHambachi,Mfrs trolled the intros,mfrs trolled the intros,23,0,0,Negatif,negative,neutral
UgwTcSQiK46Q0BGZmdV4AaABAg,AL0AGaoJCWY,@rm-nyc,KNICKS IN 4,knicks in 4,11,1,0,Neutral,neutral,neutral
UgyhubCr-aXu4ZfeSTt4AaABAg,AL0AGaoJCWY,@tyronefrye4706,Jalen Brunson different in clutch time idk if goin 7 but finals finta to wild lol stay safe RIP Peabo Bryson Ronald LePread pray for our world BLM God bless checkout the band The Main Squeeze,jalen brunson different in clutch time idk if goin 7 but finals finta to wild lol stay safe rip peabo bryson ronald lepread pray for our world blm god bless checkout the band the main squeeze,191,0,0,Positif,positive,positive
Ugx_CgL3iUeZCwMGvv94AaABAg,AL0AGaoJCWY,@JCKohl,Six inch guard from UCONN??? Stephon Castle?!? PAUUUUSE!! 🛑,six inch guard from uconn??? stephon castle?!? pauuuuse!! 🛑,59,0,0,Negatif,negative,neutral
UgzO3Nk2Qiw91OL0uXR4AaABAg,AL0AGaoJCWY,@ZeroWhiteGuilt001,Wemby played the disappearing act. Yikes,wemby played the disappearing act. yikes,40,0,0,Negatif,negative,neutral
